{
  "titulo": "MANUAL DE INTERPRETAÇÃO E APLICAÇÃO - INVENTÁRIOS FINANCEIROS COMPORTAMENTAIS",
  "secao_1_emocoes_padroes": {
    "titulo": "1. EMOÇÕES E PADRÕES (Inventário de Esquemas de Young)",
    "interpretacao": {
      "pontuacao": "Cada item é pontuado de 1 (Completamente falso para mim) a 6 (Descreve-me perfeitamente)",
      "esquema_ativo": "Um esquema é considerado ativo quando a média dos itens é ≥ 4 OU quando há 3+ itens com pontuação 5 ou 6",
      "dominios": {
        "Desconexao_Rejeicao": {
          "caracteristicas": "Dificuldade em formar vínculos seguros, expectativa de abandono, desconfiança",
          "impacto_financeiro": "Pode levar a decisões impulsivas por medo de perder oportunidades, dificuldade em confiar em assessores financeiros, evitação de compromissos financeiros de longo prazo",
          "intervencoes": [
            "Trabalhar a segurança na relação terapêutica antes de abordar finanças",
            "Criar planos financeiros com 'âncoras de segurança' (fundos de emergência robustos)",
            "Exercícios de reestruturação cognitiva sobre confiabilidade",
            "Técnicas de vinculação segura aplicadas ao dinheiro"
          ]
        },
        "Autonomia_Desempenho": {
          "caracteristicas": "Dependência excessiva, medo de fracasso, vulnerabilidade ao perigo",
          "impacto_financeiro": "Paralisia nas decisões financeiras, dependência de terceiros para gestão do dinheiro, evitação de investimentos ou riscos calculados, procrastinação financeira",
          "intervencoes": [
            "Técnicas de exposição gradual a decisões financeiras simples",
            "Desenvolvimento de auto-eficácia através de pequenas vitórias financeiras",
            "Treino de habilidades práticas de gestão financeira",
            "Reestruturação de crenças de incompetência"
          ]
        }
      }
    }
  },
  "secao_2_crencas_dinheiro": {
    "titulo": "2. CRENÇAS SOBRE DINHEIRO (Inventário de Klontz)",
    "interpretacao": {
      "pontuacao": "Escala Likert de 1 (Discordo totalmente) a 6 (Concordo totalmente). Somar pontos por categoria.",
      "perfis": {
        "Evitacao_Dinheiro": {
          "score_alto": "≥ 20 pontos",
          "caracteristicas": "Crença de que dinheiro é ruim ou corrupto, sentimento de não merecer riqueza",
          "comportamentos_tipicos": "Autosabotagem financeira, rejeição de aumentos/promoções, doação excessiva, evitação de olhar para contas bancárias",
          "estrategias_imediatas": [
            "Identificar a origem dessa crença (contexto familiar, religioso, cultural)",
            "Exercício: 'Ressignificando o dinheiro' - criar uma lista de aspectos positivos do dinheiro",
            "Estabelecer pequenas metas de acumulação sem culpa",
            "Prática de aceitação de presentes financeiros sem desconforto"
          ],
          "solucoes_longo_prazo": "Terapia para trabalhar crenças nucleares sobre merecimento, exposição gradual a aumento de patrimônio"
        },
        "Adoracao_Dinheiro": {
          "score_alto": "≥ 20 pontos",
          "caracteristicas": "Crença de que mais dinheiro resolveria todos os problemas e traria felicidade",
          "comportamentos_tipicos": "Trabalho excessivo, gastos compulsivos para preencher vazios emocionais, endividamento crônico, investimentos de alto risco",
          "estrategias_imediatas": [
            "Identificar necessidades emocionais que estão sendo projetadas no dinheiro",
            "Exercício de valores: 'O que realmente me faz feliz?' (não-monetário)",
            "Estabelecer limites claros entre trabalho e vida pessoal",
            "Criar lista de 'satisfações gratuitas'"
          ],
          "solucoes_longo_prazo": "Desenvolvimento de fontes alternativas de satisfação e autoestima, trabalho sobre vazio existencial"
        },
        "Status_Dinheiro": {
          "score_alto": "≥ 18 pontos",
          "caracteristicas": "Autoestima vinculada ao patrimônio, necessidade de exibir riqueza",
          "comportamentos_tipicos": "Gastos para impressionar, comparação social constante, consumo de marcas de luxo mesmo com dívidas",
          "estrategias_imediatas": [
            "Exercício: 'Quem sou eu sem meu patrimônio?' - identificação de valores intrínsecos",
            "Estabelecer período de 'detox de consumo conspícuo' (30 dias)",
            "Diário de gastos emocionais vs. racionais",
            "Criar orçamento com categoria específica para 'status' limitada"
          ],
          "solucoes_longo_prazo": "Trabalho profundo sobre autoestima e identidade, redefinição de sucesso pessoal"
        },
        "Vigilancia_Dinheiro": {
          "score_alto": "≥ 22 pontos",
          "caracteristicas": "Cautela excessiva, dificuldade em gastar mesmo quando necessário",
          "comportamentos_tipicos": "Acumulação extrema, ansiedade com gastos, sigilo excessivo, dificuldade em aproveitar o dinheiro",
          "estrategias_imediatas": [
            "Exercício: 'Gastos de prazer planejados' - permitir-se pequenos luxos conscientemente",
            "Estabelecer % do orçamento exclusivo para diversão/lazer",
            "Prática de vulnerabilidade financeira com pessoas confiáveis",
            "Técnicas de relaxamento antes de decisões de gasto"
          ],
          "solucoes_longo_prazo": "Trabalho sobre ansiedade generalizada, equilíbrio entre segurança e qualidade de vida"
        }
      }
    }
  },
  "secao_3_habitos_controle": {
    "titulo": "3. HÁBITOS E CONTROLE (CFPB, FMBS, Locus de Controle)",
    "interpretacao": {
      "CFPB_Bem_Estar": {
        "como_calcular": "Converter respostas em pontos (1-5), somar e converter para escala de 0-100 usando tabela de conversão",
        "interpretacao_scores": {
          "0-40": "Bem-estar financeiro muito baixo - situação crítica",
          "41-50": "Bem-estar financeiro baixo - necessita intervenção",
          "51-60": "Bem-estar financeiro médio-baixo",
          "61-70": "Bem-estar financeiro médio-alto",
          "71-100": "Bem-estar financeiro alto"
        },
        "acoes_por_nivel": {
          "critico_0_40": [
            "Avaliar necessidades básicas imediatas (alimentação, moradia)",
            "Conectar com serviços de assistência social",
            "Criar plano de emergência para estabilização",
            "Priorizar gestão de crise sobre planejamento de longo prazo"
          ],
          "baixo_41_60": [
            "Estabelecer orçamento básico",
            "Criar fundo de emergência mínimo (R$ 500-1000)",
            "Negociar dívidas prioritárias",
            "Educação financeira básica"
          ],
          "medio_alto_61_80": [
            "Otimizar alocação de recursos",
            "Iniciar planejamento de investimentos",
            "Estabelecer metas de médio prazo",
            "Revisar seguros e proteções"
          ]
        }
      },
      "FMBS_Comportamentos": {
        "interpretacao_por_dimensao": {
          "Gestao_Caixa": {
            "score_baixo": "< 2.5 (média) - Desorganização financeira básica",
            "intervencoes": [
              "Implementar app de controle de gastos",
              "Método de envelope (físico ou digital)",
              "Reunião semanal de 15min para revisar gastos",
              "Automatizar pagamentos principais"
            ]
          },
          "Gestao_Credito": {
            "score_baixo": "< 2.5 (média) - Alto risco de endividamento",
            "intervencoes": [
              "Estratégia 'bola de neve' para quitação de dívidas",
              "Cortar cartões de crédito extras (manter apenas 1)",
              "Estabelecer regra: só comprar no crédito se puder pagar à vista",
              "Negociar taxas de juros com instituições"
            ]
          },
          "Poupanca_Investimento": {
            "score_baixo": "< 2.0 (média) - Vulnerabilidade financeira",
            "intervencoes": [
              "Começar com meta mínima: 1% da renda mensal",
              "Automatizar transferência no dia do salário",
              "Método '52 semanas' de poupança crescente",
              "Educação sobre opções de investimento de baixo risco"
            ]
          },
          "Seguros": {
            "score_baixo": "< 2.0 (média) - Exposição a riscos evitáveis",
            "intervencoes": [
              "Priorizar seguro saúde (mínimo plano básico)",
              "Avaliar seguros obrigatórios (veículo, residência)",
              "Considerar seguro de vida se houver dependentes",
              "Comparar seguros anuais"
            ]
          }
        }
      },
      "Locus_Controle": {
        "interpretacao": {
          "interno_alto": "Pontuação alta em itens 1-3: Senso de controle adequado - correlacionado com melhores resultados financeiros",
          "externo_alto": "Pontuação alta em itens 4-6: Senso de impotência - prediz comportamentos passivos e piores resultados",
          "misto": "Pontuações equilibradas: Pode indicar realismo ou ambivalência"
        },
        "intervencoes_externo_alto": [
          "Exercícios de atribuição: identificar situações onde houve controle pessoal",
          "Estabelecer metas SMART financeiras pequenas para criar senso de agência",
          "Registro de 'vitórias financeiras' diárias",
          "Técnica de reestruturação: 'O que posso controlar nesta situação?'"
        ]
      }
    }
  },
  "protocolo_aplicacao": {
    "ordem_sugerida": [
      "1. Aplicar CFPB Financial Well-Being Scale (rápida, visão geral)",
      "2. Aplicar Klontz Money Scripts (15-20 min, identificar crenças)",
      "3. Aplicar Young Schema Questionnaire - versão reduzida (20-25 min, padrões profundos)",
      "4. Aplicar FMBS e Locus de Controle (15 min, comportamentos atuais)"
    ],
    "timing": "Pode ser dividido em 2 sessões: Sessão 1 (CFPB + Klontz), Sessão 2 (Young + FMBS + Locus)",
    "devolucao_resultados": [
      "Sempre começar pelos pontos fortes identificados",
      "Apresentar áreas de melhoria como 'oportunidades de desenvolvimento'",
      "Conectar resultados entre as escalas (ex: esquema de fracasso + adoração do dinheiro)",
      "Elaborar plano de ação colaborativo com o cliente"
    ]
  },
  "casos_exemplo": {
    "caso_1": {
      "perfil": "Cliente com Esquema de Abandono + Adoração do Dinheiro + Locus Externo",
      "manifestacao": "Gasta compulsivamente em relacionamentos para 'comprar' afeto, endividamento crônico",
      "intervencao_integrada": "Trabalhar esquema de abandono primeiro (senso de segurança interna), depois reestruturar crença sobre dinheiro = amor, finalmente desenvolver senso de agência financeira"
    },
    "caso_2": {
      "perfil": "Cliente com Esquema de Fracasso + Evitação do Dinheiro + Alta Vigilância",
      "manifestacao": "Autosabotagem profissional, rejeita promoções, acumula dinheiro mas vive com ansiedade",
      "intervencao_integrada": "Trabalhar senso de competência através de sucessos financeiros pequenos, ressignificar dinheiro como ferramenta neutra, técnicas de ansiedade aplicadas a finanças"
    }
  }
}